Building ID,Max Height,Min Height,Avg Height,Stddev Height,Num Points,Avg Height Diff
2514,9.77299976348877,3.0390000343322754,4.384581565856934,2.452029228210449,55,-7.346837043762207
18378,18.358999252319336,-0.15600000321865082,8.542380332946777,5.313612461090088,29638,-10.898606300354004
2437,17.930999755859375,-0.09399999678134918,8.365082740783691,5.297119140625,27318,-8.678433418273926
2518,21.42300033569336,-0.020999999716877937,10.29366397857666,6.526852607727051,22790,-9.526286125183105
18320,21.569000244140625,0.4790000021457672,12.316433906555176,3.4312798976898193,2294,-6.418887138366699
18354,18.93000030517578,-0.003000000026077032,9.503286361694336,6.200727939605713,25785,-10.995813369750977
18315,18.959999084472656,-0.028999999165534973,11.130108833312988,5.952447414398193,18987,-13.499363899230957
18372,23.475000381469727,0.23399999737739563,11.960345268249512,6.059871196746826,18502,-18.994998931884766
18344,22.81599998474121,-1.7589999437332153,13.076297760009766,5.582327365875244,18133,-25.96075439453125
18318,19.783000946044922,-0.009999999776482582,10.097257614135742,4.907976150512695,19424,-10.575284957885742
18358,16.961000442504883,0.014999999664723873,9.56789493560791,5.190591335296631,16697,-2.6718406677246094
18366,25.67799949645996,-0.1509999930858612,11.014851570129395,6.383450031280518,45118,-12.369193077087402
18333,18.87700080871582,-0.006000000052154064,9.464381217956543,4.878632545471191,24059,-19.485637664794922
2485,25.628000259399414,-0.17399999499320984,10.607315063476562,6.32331657409668,25467,-7.467800140380859
18325,19.85700035095215,-0.14000000059604645,9.821928024291992,6.229813098907471,25293,-14.298654556274414
18343,11.468000411987305,0.6340000033378601,4.573368549346924,1.2456305027008057,1414,-5.2500176429748535
18335,22.878999710083008,0.40400001406669617,6.557616710662842,2.3502848148345947,1453,-4.022531986236572
18370,18.676000595092773,0.10000000149011612,8.972423553466797,5.459574222564697,22645,-4.927131652832031
18317,21.301000595092773,0.03799999877810478,9.826327323913574,6.0732550621032715,26377,-10.72292423248291
18362,23.711000442504883,-0.11999999731779099,10.10222053527832,6.5726141929626465,24075,-14.109033584594727
18342,21.256000518798828,0.04100000113248825,9.698990821838379,5.5767741203308105,48981,-14.178061485290527
21044,16.003000259399414,0.5210000276565552,7.747801303863525,2.4839751720428467,837,-12.87149429321289
21056,18.10700035095215,0.18299999833106995,11.992569923400879,5.951629161834717,10391,-12.294241905212402
21056,,,,,0,
22097,6.985000133514404,4.9019999504089355,5.170493125915527,0.25397175550460815,152,-3.1375865936279297
22118,18.04400062561035,0.492000013589859,10.974631309509277,2.157686233520508,1776,-7.348502159118652
18322,20.691999435424805,-0.11900000274181366,8.719029426574707,5.389714241027832,30519,-8.596972465515137
1297,18.76099967956543,-0.16899999976158142,9.173370361328125,4.855574131011963,20225,-11.250905990600586
18348,6.639999866485596,0.5090000033378601,4.519092082977295,0.948980450630188,98,-1.0222272872924805
18364,16.749000549316406,0.3449999988079071,14.590478897094727,2.8477368354797363,2145,-1.9484710693359375
22117,11.517000198364258,1.0520000457763672,4.617964267730713,0.7366555333137512,447,-6.9537434577941895
22115,10.717000007629395,0.9229999780654907,8.086485862731934,1.0779303312301636,2422,-3.0063209533691406
1331,23.993000030517578,-0.9129999876022339,16.599143981933594,5.5450968742370605,1920,-6.092704772949219
1305,19.690000534057617,0.4749999940395355,17.329113006591797,3.0898900032043457,1063,-5.263124465942383
1346,2.819000005722046,0.3240000009536743,2.000542402267456,0.9746323823928833,59,-19.805246353149414
1222,2.819000005722046,0.3240000009536743,2.000542402267456,0.9746323823928833,59,-19.805246353149414
1229,20.87700080871582,0.164000004529953,12.998525619506836,4.277892112731934,18964,-5.702871322631836
1197,4.849999904632568,0.5350000262260437,2.0267856121063232,0.6471818089485168,672,-15.433295249938965
1266,3.9489998817443848,-0.5180000066757202,2.995840549468994,0.5375098586082458,458,-8.758411407470703
1309,3.444999933242798,-0.12800000607967377,2.1785035133361816,0.7644331455230713,427,-13.05699348449707
1182,4.396999835968018,0.2770000100135803,3.2065792083740234,0.8278656005859375,145,-13.071956634521484
1285,13.685999870300293,0.3009999990463257,2.9265172481536865,2.596107006072998,980,-12.449602127075195
1271,5.395999908447266,-0.22699999809265137,3.3274049758911133,1.5709664821624756,494,-6.191198348999023
1271,,,,,0,
1322,4.0320000648498535,1.0579999685287476,3.7305123805999756,0.40781036019325256,406,-9.933838844299316
1245,4.0320000648498535,1.0579999685287476,3.7305123805999756,0.40781036019325256,406,-9.933838844299316
1185,3.634000062942505,-0.4569999873638153,0.6249265074729919,1.2109479904174805,68,-12.367792129516602
1324,3.8469998836517334,-0.23999999463558197,2.6945033073425293,0.7956676483154297,626,-12.881414413452148
1263,46.60100173950195,0.39500001072883606,27.941377639770508,11.363061904907227,24060,-3.099458694458008
1201,3.2309999465942383,-0.11100000143051147,2.711052179336548,0.7253783345222473,748,-4.832249641418457
1186,3.0460000038146973,-0.24199999868869781,0.7666800022125244,0.6228818297386169,100,-8.714168548583984
1345,24.89900016784668,0.2919999957084656,13.973766326904297,4.486592769622803,4921,-7.529134750366211
1290,4.915999889373779,0.13099999725818634,2.9094228744506836,0.6192755103111267,579,-23.85525131225586
1315,4.915999889373779,0.13099999725818634,2.9094228744506836,0.6192755103111267,579,-23.85525131225586
1286,4.557000160217285,-0.20499999821186066,3.667355537414551,1.1034961938858032,520,-6.184884071350098
1342,5.829999923706055,-0.328000009059906,2.504610776901245,0.46920162439346313,262,-4.210668563842773
1183,3.7750000953674316,-0.43299999833106995,2.677835464477539,0.9416764974594116,420,-9.229351043701172
1194,2.1689999103546143,-0.04899999871850014,1.8389179706573486,0.4645334780216217,305,-15.096074104309082
1190,16.749000549316406,0.3529999852180481,14.381473541259766,3.3664920330047607,719,3.420804023742676
18329,20.87700080871582,0.20900000631809235,11.380563735961914,5.268346786499023,41016,-3.108231544494629
1277,17.533000946044922,0.5090000033378601,15.043895721435547,3.57908034324646,414,-6.819433212280273
18326,3.8329999446868896,0.42399999499320984,3.5540287494659424,0.7285639047622681,209,-30.059267044067383
18367,9.927000045776367,-0.02500000037252903,2.307297468185425,2.2532835006713867,410,-15.033440589904785
18351,32.33300018310547,-0.22699999809265137,8.959317207336426,3.5688982009887695,94566,-9.648024559020996
1303,33.777000427246094,0.289000004529953,8.981335639953613,3.925304651260376,32023,-10.10507869720459
18357,26.889999389648438,-0.09700000286102295,9.244050979614258,6.63545036315918,37098,-17.154775619506836
1257,24.121999740600586,0.8009999990463257,15.960787773132324,3.769735097885132,3745,-14.819588661193848
1241,25.909000396728516,1.1829999685287476,20.141929626464844,3.8569529056549072,428,4.3437089920043945
1276,3.753000020980835,-0.05299999937415123,1.7818918228149414,0.5524791479110718,833,-9.888174057006836
1224,3.753000020980835,-0.05299999937415123,1.7818918228149414,0.5524791479110718,833,-9.888174057006836
1347,2.7269999980926514,-0.7369999885559082,2.393073320388794,0.6297813653945923,627,-7.658373832702637
1321,23.13599967956543,-0.06300000101327896,12.190372467041016,5.271597385406494,7761,-8.220073699951172
1312,3.239000082015991,-0.3970000147819519,2.710254192352295,1.0217100381851196,311,-6.7548699378967285
1225,3.239000082015991,-0.3970000147819519,2.710254192352295,1.0217100381851196,311,-6.7548699378967285
1252,3.736999988555908,-0.06400000303983688,3.129333972930908,0.43230387568473816,422,-14.639076232910156
1268,10.968999862670898,0.49300000071525574,5.287771701812744,1.012728214263916,833,-7.593847751617432
1219,10.968999862670898,0.49300000071525574,5.287771701812744,1.012728214263916,833,-7.593847751617432
1298,4.230999946594238,-0.13600000739097595,2.4618606567382812,1.2748833894729614,531,-28.366838455200195
11187,15.713000297546387,0.8510000109672546,8.279550552368164,5.355950832366943,20,-4.619575500488281
2524,16.945999145507812,0.41600000858306885,14.00916862487793,2.905906915664673,12343,-1.1935758590698242
11208,19.576000213623047,0.47099998593330383,13.88624095916748,2.92268705368042,14527,1.8981094360351562
18347,17.069000244140625,0.3779999911785126,11.998135566711426,3.1267361640930176,13452,-1.7912349700927734
18332,15.696000099182129,0.5320000052452087,10.181949615478516,6.176977157592773,20,-4.536561012268066
2436,18.899999618530273,0.18400000035762787,10.757063865661621,6.156340599060059,24530,-7.244088172912598
18356,3.5989999771118164,3.5299999713897705,3.575515031814575,0.01714663952589035,33,-9.061179161071777
18328,5.561999797821045,0.5239999890327454,3.385352373123169,1.1334526538848877,88,-11.92257308959961
18352,2.683000087738037,0.26499998569488525,2.301741123199463,0.6417773962020874,85,-9.155265808105469
18337,23.493000030517578,-0.1679999977350235,11.106180191040039,6.360074520111084,23425,-7.508413314819336
2458,15.76200008392334,0.17000000178813934,8.764965057373047,4.971547603607178,16079,-9.071857452392578
2512,18.224000930786133,0.17599999904632568,9.209321975708008,4.8589630126953125,16740,-7.214693069458008
18360,19.333999633789062,0.44600000977516174,15.871847152709961,3.0921099185943604,4795,-4.100046157836914
18338,5.558000087738037,0.6240000128746033,4.341279983520508,1.7094008922576904,107,-6.399283409118652
18331,32.70600128173828,0.5210000276565552,10.181408882141113,9.855073928833008,803,0.7816009521484375
18345,15.083999633789062,0.5249999761581421,12.282550811767578,2.9662086963653564,1839,-1.7460012435913086
18339,18.18400001525879,0.3930000066757202,12.292328834533691,5.170666217803955,6768,-7.944302558898926
18374,18.187000274658203,0.3100000023841858,15.149633407592773,2.4678854942321777,5599,0.3104114532470703
18314,10.769000053405762,0.5870000123977661,8.509923934936523,1.9913071393966675,3027,-4.309209823608398
2960,10.076000213623047,0.5109999775886536,7.628156661987305,2.2941319942474365,3910,-5.1326704025268555
18327,4.9670000076293945,0.5979999899864197,3.8523011207580566,0.6565130352973938,176,-6.3324713706970215
2955,6.531000137329102,6.15500020980835,6.347199440002441,0.11478091776371002,40,0.6413383483886719
18350,14.050999641418457,0.5580000281333923,4.98609733581543,2.6365809440612793,2060,-5.848484992980957
18330,5.329999923706055,0.24500000476837158,2.847116708755493,0.639753520488739,60,-7.776721954345703
18363,13.458999633789062,0.5640000104904175,8.476120948791504,1.0329381227493286,3702,-4.45977783203125
18361,2.634999990463257,0.2630000114440918,2.3518145084381104,0.4890371859073639,70,-8.800402641296387
18359,21.791000366210938,0.24300000071525574,9.99170207977295,6.558216571807861,27540,-10.4133939743042
18321,20.0310001373291,0.06800000369548798,10.236124038696289,5.488208770751953,16594,0.10526657104492188
18365,19.104000091552734,0.5559999942779541,12.181849479675293,2.7149765491485596,720,-5.208174705505371
18346,21.865999221801758,0.30300000309944153,13.758636474609375,4.680576801300049,16553,-9.84943962097168
18375,49.652000427246094,0.12999999523162842,38.80630111694336,10.075016975402832,1521,-6.472198486328125
18376,19.648000717163086,0.07699999958276749,11.70345687866211,6.29629373550415,15813,-20.461971282958984
20999,17.66900062561035,0.23399999737739563,10.311620712280273,6.6573805809021,21691,-13.955148696899414
20965,18.038000106811523,0.34599998593330383,10.409821510314941,6.774632930755615,22053,-5.062085151672363
20985,17.98900032043457,0.35100001096725464,10.47856616973877,6.559525489807129,21867,-3.3312835693359375
21000,23.277000427246094,0.19300000369548798,10.184104919433594,5.385530948638916,21228,-3.329355239868164
21057,13.298999786376953,0.593999981880188,9.081977844238281,5.519033432006836,46,-5.848508834838867
20975,13.291999816894531,0.5429999828338623,8.858500480651855,5.308064937591553,36,-6.722996711730957
18323,4.139999866485596,3.8510000705718994,4.012406349182129,0.0739530622959137,32,-8.231367111206055
18377,4.1519999504089355,3.864000082015991,4.033737659454346,0.08499950915575027,80,-9.657144546508789
18336,20.486000061035156,0.6110000014305115,12.929316520690918,2.5511679649353027,1842,-2.4164533615112305
18368,22.791000366210938,-0.054999999701976776,11.417811393737793,7.176433563232422,69557,-12.974318504333496
18341,22.93000030517578,-0.012000000104308128,10.119950294494629,6.428500175476074,49104,-17.027099609375
18316,21.625,-0.017999999225139618,10.599550247192383,6.512661457061768,23098,-13.17255973815918
21060,21.67099952697754,0.26499998569488525,10.60433578491211,5.585419654846191,21185,-8.08212661743164
21013,29.139999389648438,0.44200000166893005,10.658245086669922,5.546366214752197,22474,-7.566730499267578
20959,20.667999267578125,0.10400000214576721,10.979118347167969,6.113337516784668,21305,-4.109325408935547
20956,20.43400001525879,0.0020000000949949026,12.609241485595703,5.562819480895996,15121,-7.703527450561523
18319,25.240999221801758,-0.4129999876022339,10.304009437561035,6.195339679718018,19200,-10.237278938293457
18349,21.13599967956543,0.14800000190734863,11.134269714355469,6.050041198730469,16474,-4.364165306091309
21040,25.51300048828125,0.47999998927116394,16.594005584716797,2.602273464202881,5433,-4.363279342651367
21046,17.20599937438965,0.5640000104904175,13.39783763885498,1.6081215143203735,733,1.2203741073608398
20948,16.354000091552734,0.5339999794960022,13.523686408996582,2.5819177627563477,469,1.3173093795776367
20949,15.737000465393066,0.5720000267028809,13.707883834838867,2.2297708988189697,436,2.736985206604004
20988,4.934999942779541,0.5289999842643738,1.0373810529708862,1.104864478111267,391,-8.43991470336914
20968,21.81800079345703,0.4009999930858612,13.070963859558105,3.147817611694336,13743,-2.207019805908203
21045,21.031999588012695,0.24199999868869781,9.901066780090332,6.695540904998779,26081,-15.64612102508545
21051,20.26099967956543,-0.04500000178813934,11.42707633972168,6.430072784423828,23793,-16.594158172607422
20964,16.1200008392334,0.4059999883174896,13.097236633300781,3.5596683025360107,1629,2.007183074951172
20940,21.610000610351562,0.039000000804662704,11.211992263793945,6.521332740783691,20880,-11.875492095947266
20977,23.275999069213867,-0.46000000834465027,9.895234107971191,5.876919269561768,21970,-13.667223930358887
21053,20.482999801635742,-0.10199999809265137,12.499732971191406,4.3090972900390625,3914,-7.902385711669922
20934,4.000999927520752,-0.09099999815225601,1.918699860572815,0.6627987027168274,60,-8.593208312988281
20952,10.293000221252441,-0.2280000001192093,1.366392970085144,3.299516201019287,28,-13.57141399383545
21001,20.39699935913086,-0.42500001192092896,11.010290145874023,4.443854808807373,27990,-5.652181625366211
21015,6.921999931335449,0.515999972820282,4.09090518951416,1.1501226425170898,147,-14.725197792053223
20942,20.016000747680664,-0.22200000286102295,11.689833641052246,5.36647891998291,21613,-9.756573677062988
20973,4.446000099182129,0.5049999952316284,3.8531479835510254,0.7366481423377991,54,-19.89940071105957
20987,18.80500030517578,0.050999999046325684,10.964778900146484,5.607548713684082,17827,-6.921274185180664
21004,19.94300079345703,-0.0949999988079071,11.509913444519043,5.972545623779297,26779,-7.633744239807129
20969,23.617000579833984,-2.130000114440918,11.70594310760498,5.42331600189209,21743,-6.058680534362793
20961,18.134000778198242,-0.4690000116825104,10.914628982543945,5.352312088012695,30972,-8.26057243347168
21022,10.690999984741211,0.31299999356269836,7.894404411315918,3.7297041416168213,74,-8.168259620666504
20939,17.981000900268555,-0.11999999731779099,13.600717544555664,3.7964491844177246,13649,-5.001136779785156
20995,30.30500030517578,-0.5099999904632568,11.411190032958984,6.275772571563721,22395,-4.723062515258789
7926,6.942999839782715,0.3019999861717224,2.333935022354126,1.5214837789535522,493,-10.241828918457031
21024,21.16699981689453,-0.09200000017881393,14.74791431427002,4.7185773849487305,20180,-2.857577323913574
2809,16.08099937438965,13.029000282287598,15.258134841918945,0.6410064101219177,194,1.5757369995117188
1223,3.194999933242798,-0.30300000309944153,2.4419643878936768,0.5955702662467957,364,-10.417757987976074
1260,3.009000062942505,-0.035999998450279236,2.325568914413452,0.6626622080802917,443,-22.160358428955078
1350,3.180000066757202,-0.09200000017881393,2.7374935150146484,0.6603054404258728,75,-16.261131286621094
1248,3.180000066757202,-0.09200000017881393,2.7374935150146484,0.6603054404258728,75,-16.261131286621094
1184,3.1579999923706055,-0.2879999876022339,2.244605541229248,0.8709420561790466,502,-5.330025672912598
1339,3.1579999923706055,-0.2879999876022339,2.244605541229248,0.8709420561790466,502,-5.330025672912598
1334,2.8369998931884766,-0.04100000113248825,2.597180128097534,0.24950848519802094,333,-16.73412322998047
1280,2.8369998931884766,-0.04100000113248825,2.597180128097534,0.24950848519802094,333,-16.73412322998047
1261,4.063000202178955,-0.675000011920929,3.4867963790893555,0.7289627194404602,476,-10.673059463500977
1319,2.755000114440918,-0.24199999868869781,2.3972015380859375,0.5716203451156616,407,-19.125385284423828
1193,3.1700000762939453,-0.003000000026077032,2.7158710956573486,0.5724908709526062,497,-9.750580787658691
1295,3.1700000762939453,-0.003000000026077032,2.7158710956573486,0.5724908709526062,497,-9.750580787658691
1329,2.4649999141693115,-0.04899999871850014,1.7774748802185059,0.8514136672019958,139,-5.695661544799805
1313,4.788000106811523,-0.2199999988079071,4.343230724334717,0.8078746199607849,117,-3.556246757507324
1291,4.788000106811523,-0.2199999988079071,4.343230724334717,0.8078746199607849,117,-3.556246757507324
5824,11.204000473022461,0.11299999803304672,2.247837543487549,0.8737888932228088,493,-8.478973388671875
1272,19.32200050354004,2.499000072479248,16.733739852905273,2.6275157928466797,478,1.6168889999389648
1237,19.32200050354004,2.499000072479248,16.733739852905273,2.6275157928466797,478,1.6168889999389648
1296,41.970001220703125,0.5350000262260437,15.400703430175781,11.709991455078125,7991,-17.790725708007812
1216,21.503000259399414,-0.20900000631809235,6.353085041046143,2.326847791671753,2936,-18.177534103393555
18334,4.243000030517578,-0.04899999871850014,3.908642530441284,0.8151642680168152,403,-13.75059986114502
18340,5.521999835968018,-0.2029999941587448,2.9413204193115234,1.2231037616729736,515,-9.362349510192871
21043,4.622000217437744,-0.16300000250339508,2.8244645595550537,0.610717236995697,510,-12.402801513671875
21021,3.2899999618530273,-0.6539999842643738,2.854984760284424,0.7607554197311401,521,-8.769474029541016
21010,7.872000217437744,-0.27799999713897705,1.8961730003356934,1.3000919818878174,699,-10.28573989868164
20974,3.9059998989105225,-0.3840000033378601,2.0885584354400635,1.2388412952423096,729,-13.264718055725098
20951,7.090000152587891,-0.12999999523162842,2.3812127113342285,0.8090813755989075,555,-11.057060241699219
21017,3.374000072479248,-0.3659999966621399,1.6127609014511108,0.5624242424964905,385,-9.597099304199219
5849,12.984000205993652,-0.1469999998807907,2.5232648849487305,2.279010057449341,1099,-29.813552856445312
5926,4.248000144958496,-0.16300000250339508,2.952425718307495,0.9024266004562378,369,-14.769177436828613
5883,2.132999897003174,-0.4099999964237213,1.9289072751998901,0.41633886098861694,281,-10.78883171081543
5924,1.2799999713897705,0.2930000126361847,0.4159230589866638,0.15099233388900757,39,-9.850448608398438
5956,1.2799999713897705,0.2930000126361847,0.4159230589866638,0.15099233388900757,39,-9.850448608398438
5903,16.013999938964844,-0.5170000195503235,13.86484432220459,2.77195143699646,1036,-1.377899169921875
5831,16.013999938964844,-0.5170000195503235,13.86484432220459,2.77195143699646,1036,-1.377899169921875
5802,19.915000915527344,-0.8330000042915344,13.504586219787598,4.012914180755615,11045,-4.583006858825684
5923,7.932000160217285,0.6029999852180481,6.841689109802246,1.3483021259307861,1634,-3.5352001190185547
5935,22.549999237060547,0.6079999804496765,7.945486068725586,2.0026354789733887,1126,-5.8292083740234375
5921,21.051000595092773,-2.0920000076293945,12.79204273223877,4.690243244171143,22509,-5.945736885070801
5948,10.336999893188477,1.3380000591278076,2.846896171569824,1.7974342107772827,106,-10.32818603515625
5969,10.336999893188477,1.3380000591278076,2.846896171569824,1.7974342107772827,106,-10.32818603515625
5814,3.996000051498413,0.5180000066757202,1.924631118774414,0.62630295753479,702,-28.28131675720215
5893,3.996000051498413,0.5180000066757202,1.924631118774414,0.62630295753479,702,-28.28131675720215
5793,10.534000396728516,1.2589999437332153,3.021888017654419,0.9325360655784607,384,-14.950194358825684
5847,10.534000396728516,1.2589999437332153,3.021888017654419,0.9325360655784607,384,-14.950194358825684
5920,3.9719998836517334,-0.20499999821186066,1.9580827951431274,0.45239606499671936,362,-13.425558090209961
5859,11.678000450134277,-0.050999999046325684,2.3190464973449707,1.3058865070343018,280,-11.817394256591797
5880,11.678000450134277,-0.050999999046325684,2.3190464973449707,1.3058865070343018,280,-11.817394256591797
21034,2.2260000705718994,-0.5509999990463257,1.8013192415237427,0.7183778285980225,498,-10.463510513305664
5856,22.115999221801758,-0.8429999947547913,10.078777313232422,5.966189384460449,19786,-10.152963638305664
5910,30.658000946044922,0.5120000243186951,15.00624942779541,4.537740707397461,1868,-2.9355993270874023
5930,30.658000946044922,0.5120000243186951,15.00624942779541,4.537740707397461,1868,-2.9355993270874023
5836,17.746999740600586,0.5640000104904175,15.39111614227295,2.8378820419311523,1157,-7.069808006286621
5888,17.667999267578125,0.6179999709129333,15.452594757080078,2.6350903511047363,350,-2.918264389038086
5917,17.667999267578125,0.6179999709129333,15.452594757080078,2.6350903511047363,350,-2.918264389038086
5827,10.774999618530273,0.6200000047683716,7.055388927459717,0.9359317421913147,2392,-2.525839328765869
5825,10.774999618530273,0.6200000047683716,7.055388927459717,0.9359317421913147,2392,-2.525839328765869
5817,23.253999710083008,0.27900001406669617,14.964240074157715,4.851372718811035,3482,1.256143569946289
5813,23.253999710083008,0.27900001406669617,14.964240074157715,4.851372718811035,3482,1.256143569946289
5925,24.798999786376953,0.3709999918937683,16.79104232788086,5.745335102081299,4214,1.2463884353637695
5900,20.378000259399414,-0.1979999989271164,15.745566368103027,3.529917001724243,7375,0.4200859069824219
5844,14.081000328063965,-0.5149999856948853,4.365472793579102,1.878355622291565,351,-16.70191764831543
5834,21.485000610351562,0.4519999921321869,16.16811752319336,3.4922590255737305,4401,-9.83085823059082
5960,4.626999855041504,-0.12200000137090683,3.9026052951812744,0.6558224558830261,393,-5.091461181640625
5957,35.45399856567383,-0.1720000058412552,22.22968101501465,10.87224292755127,6518,-4.2530364990234375
21041,11.288000106811523,0.37400001287460327,2.825270891189575,1.4774997234344482,229,-10.365513801574707
20936,9.73900032043457,-0.45500001311302185,2.5205249786376953,1.483008623123169,996,-24.937767028808594
20963,14.027000427246094,-0.14399999380111694,6.673676013946533,4.446631908416748,244,-1.5356717109680176
20994,2.75600004196167,-0.3479999899864197,1.8433873653411865,0.9401191473007202,581,-10.072748184204102
21049,13.592000007629395,-0.052000001072883606,2.7639148235321045,2.919191598892212,270,-4.113531112670898
20932,19.900999069213867,0.31299999356269836,15.328801155090332,3.0298469066619873,1514,-2.879164695739746
20957,12.003000259399414,-0.6480000019073486,2.2459397315979004,1.775909662246704,1009,-14.113380432128906
5858,6.986999988555908,-0.3659999966621399,6.299478054046631,1.304542064666748,721,-7.355509281158447
21008,9.739999771118164,3.5320000648498535,4.285589694976807,0.9408198595046997,56,-4.613813877105713
21031,8.788000106811523,7.2210001945495605,7.590823173522949,0.5608745813369751,45,-2.3587350845336914
5905,21.986000061035156,-0.9589999914169312,14.180282592773438,4.307174205780029,9831,-2.467121124267578
5940,32.029998779296875,0.5289999842643738,22.14950180053711,7.277715682983398,4312,-3.7946605682373047
5800,32.029998779296875,0.5289999842643738,22.14950180053711,7.277715682983398,4312,-3.7946605682373047
5861,20.898000717163086,-0.32899999618530273,11.780550956726074,3.511836051940918,5553,-6.608708381652832
5911,4.118000030517578,1.00600004196167,3.9218037128448486,0.6571058630943298,61,-10.464430809020996
5966,4.118000030517578,1.00600004196167,3.9218037128448486,0.6571058630943298,61,-10.464430809020996
5822,11.130000114440918,7.449999809265137,9.150260925292969,1.6886141300201416,484,-17.355466842651367
5803,36.32400131225586,0.23800000548362732,23.968364715576172,8.625174522399902,7537,-10.84454345703125
5937,6.986000061035156,0.8379999995231628,1.5957776308059692,1.8849259614944458,27,-15.303327560424805
5807,6.986000061035156,0.8379999995231628,1.5957776308059692,1.8849259614944458,27,-15.303327560424805
11215,13.614999771118164,0.6759999990463257,12.4501371383667,1.629941701889038,1215,-0.4140195846557617
11169,0.6039999723434448,0.5070000290870667,0.5798461437225342,0.029414396733045578,13,-21.982807159423828
11220,23.115999221801758,0.20399999618530273,10.680663108825684,6.547818660736084,13887,-8.65659236907959
11188,9.890999794006348,9.548999786376953,9.675577163696289,0.06798621267080307,52,-20.116365432739258
952,48.551998138427734,-3.2829999923706055,12.502134323120117,5.1929826736450195,262417,-12.074689865112305
2944,22.89299964904785,-0.052000001072883606,10.409303665161133,6.2816162109375,31984,-7.43115234375
2956,29.281999588012695,0.1599999964237213,12.286165237426758,6.155587196350098,21585,-11.089998245239258
2961,23.614999771118164,0.2849999964237213,10.956982612609863,5.8229827880859375,43815,-9.715258598327637
2975,23.393999099731445,0.13500000536441803,10.131409645080566,6.122689723968506,31593,-3.0821971893310547
2937,19.47599983215332,0.07100000232458115,9.205682754516602,5.381657600402832,24236,-4.671858787536621
2933,26.29400062561035,0.11400000005960464,11.634950637817383,6.892432689666748,23151,0.8319559097290039
2931,11.543000221252441,6.27400016784668,9.303047180175781,1.1948283910751343,106,-9.537153244018555
2935,11.861000061035156,5.86299991607666,9.278233528137207,1.2024822235107422,107,-18.522720336914062
949,11.680999755859375,0.8790000081062317,2.118149995803833,3.0936524868011475,207,-6.30633544921875
11105,11.138999938964844,1.468999981880188,8.86184024810791,3.185023069381714,564,-0.43660449981689453
11043,10.770000457763672,0.6150000095367432,8.860621452331543,2.3605270385742188,745,-4.90578556060791
11067,10.001999855041504,0.843999981880188,4.114077568054199,2.0849430561065674,181,-5.487217903137207
11053,6.6479997634887695,0.6119999885559082,3.8408119678497314,1.5584723949432373,69,-14.229996681213379
11132,10.541999816894531,0.6269999742507935,7.30808687210083,3.43819260597229,1206,-9.458385467529297
11116,12.036999702453613,0.6119999885559082,6.844970226287842,2.931605577468872,2822,-7.880176067352295
11149,10.567000389099121,0.6320000290870667,7.980957508087158,2.5832879543304443,1572,-4.177505016326904
11037,12.595000267028809,0.49900001287460327,8.905502319335938,2.3922414779663086,1143,-0.8047494888305664
11098,21.74799919128418,0.21899999678134918,9.471385955810547,5.111772060394287,35634,-7.697965621948242
11100,5.415999889373779,0.4410000145435333,3.1686460971832275,0.7474456429481506,65,-5.301876068115234
11077,14.265000343322754,0.8199999928474426,10.571738243103027,2.138288974761963,2024,0.03599262237548828
11110,13.043000221252441,0.5600000023841858,7.956340312957764,2.84962797164917,1529,-2.9334073066711426
11085,16.481000900268555,0.5139999985694885,7.759635925292969,3.3011677265167236,1579,-3.1113643646240234
11135,10.401000022888184,0.4970000088214874,5.681352138519287,3.3799829483032227,1380,-1.929987907409668
11127,12.491000175476074,0.7649999856948853,8.495230674743652,2.293482542037964,1061,-3.1824769973754883
11104,5.230999946594238,0.753000020980835,4.189461708068848,0.9558867812156677,143,-8.764634132385254
11136,17.365999221801758,0.6399999856948853,10.159677505493164,2.702620267868042,1476,-2.5857629776000977
11024,9.281000137329102,0.6119999885559082,3.8336000442504883,2.0109641551971436,65,-6.39434814453125
11052,12.128999710083008,0.5270000100135803,8.651625633239746,3.0317296981811523,128,-6.474323272705078
11071,21.33799934387207,0.5040000081062317,12.000280380249023,4.167599201202393,1880,-6.046173095703125
11048,14.539999961853027,0.6710000038146973,9.574406623840332,2.7685999870300293,557,-1.8163175582885742
11068,14.77400016784668,0.9639999866485596,10.654804229736328,2.0150747299194336,670,2.069070816040039
11211,19.132999420166016,-0.21799999475479126,10.547296524047852,6.17152214050293,16265,-7.747209548950195
2966,25.80900001525879,0.15000000596046448,10.925074577331543,6.690721035003662,24237,-15.543492317199707
2965,23.732999801635742,-0.1509999930858612,9.681375503540039,5.407768249511719,26570,-6.424983978271484
2952,19.906999588012695,-0.17299999296665192,9.427927017211914,5.734709739685059,28896,-11.981138229370117
2945,25.7450008392334,-0.04399999976158142,11.745561599731445,6.961441993713379,22069,-9.59016227722168
2954,25.097000122070312,0.3840000033378601,13.164823532104492,4.378665924072266,10362,0.29749011993408203
2942,25.20599937438965,0.2460000067949295,10.090331077575684,6.094854354858398,17658,-6.342194557189941
11153,13.685999870300293,0.4959999918937683,12.426698684692383,1.694270133972168,1378,0.13621902465820312
11181,20.983999252319336,0.32199999690055847,14.339004516601562,3.4999005794525146,13525,-1.9708786010742188
2946,16.4060001373291,0.36399999260902405,12.313582420349121,2.385662078857422,11319,-6.439118385314941
2953,22.691999435424805,-0.08799999952316284,9.78347396850586,6.8323516845703125,73940,-10.847017288208008
2959,25.798999786376953,-0.13899999856948853,10.00918960571289,6.645868301391602,54858,-15.036275863647461
2982,23.805999755859375,-0.017000000923871994,9.549422264099121,6.375546455383301,54645,-15.949763298034668
2962,25.597999572753906,0.12099999934434891,10.517560958862305,6.500041484832764,68232,-13.26324462890625
2972,24.60300064086914,0.13899999856948853,10.958526611328125,5.9485297203063965,23677,-9.280803680419922
2936,19.49799919128418,0.10700000077486038,9.679238319396973,5.346424102783203,14068,-11.068909645080566
2949,21.0,0.0020000000949949026,9.331478118896484,6.197840690612793,24025,-17.106714248657227
2951,25.788000106811523,-0.02800000086426735,10.412087440490723,6.423046112060547,28840,-9.146174430847168
2939,20.562999725341797,-0.04100000113248825,10.331050872802734,6.642463684082031,23174,-15.57862663269043
2978,13.892000198364258,0.5339999794960022,2.3618571758270264,3.2594754695892334,35,-10.032710075378418
2941,22.13599967956543,-0.017999999225139618,10.778101921081543,6.463305473327637,20639,-12.392195701599121
2940,10.366999626159668,0.4950000047683716,6.978818893432617,4.474429607391357,11,-6.903690338134766
2979,15.786999702453613,0.30799999833106995,10.039068222045898,2.3418211936950684,1776,-3.7149715423583984
2932,12.526000022888184,0.27900001406669617,10.286375999450684,1.9853657484054565,1798,-4.316411972045898
2969,11.871999740600586,0.328000009059906,10.221824645996094,1.7695953845977783,4067,-5.552660942077637
2974,11.496999740600586,0.9750000238418579,4.730517864227295,4.19240665435791,29,-9.591548919677734
2981,19.05299949645996,0.4659999907016754,11.051881790161133,1.988293170928955,3461,0.5913295745849609
2963,9.857000350952148,3.7039999961853027,4.3931145668029785,1.487210750579834,61,-7.968417644500732
2977,15.175999641418457,0.5239999890327454,7.418581485748291,2.376591444015503,1102,-7.681290149688721
2976,14.793000221252441,0.5139999985694885,9.902371406555176,2.489272117614746,2237,-2.7278738021850586
2947,25.85099983215332,0.14900000393390656,11.82520866394043,6.22514009475708,45260,-4.360141754150391
2958,26.52899932861328,0.3100000023841858,10.771799087524414,6.602528095245361,57210,-6.656826019287109
2964,11.565999984741211,1.50600004196167,6.603377342224121,1.0136804580688477,249,-5.262595176696777
2938,92.9520034790039,-1.0800000429153442,27.788942337036133,27.797502517700195,23066,-11.615823745727539
7988,13.21399974822998,0.44999998807907104,4.393868923187256,1.3828554153442383,665,-10.163896560668945
7985,5.448999881744385,0.8220000267028809,3.782134771347046,1.0646169185638428,193,-11.578834533691406
7938,17.31999969482422,1.7799999713897705,5.588320732116699,3.054824113845825,393,-2.8225507736206055
2967,21.089000701904297,0.04800000041723251,9.730827331542969,5.568469047546387,22293,-5.085864067077637
2948,25.437999725341797,0.42899999022483826,15.27054214477539,3.309887170791626,5386,-3.678182601928711
7967,16.975000381469727,0.6840000152587891,12.997199058532715,2.356170415878296,774,-3.6279592514038086
7937,4.406000137329102,0.24799999594688416,3.0780718326568604,0.6902554035186768,306,-5.35706901550293
7946,21.96500015258789,0.39399999380111694,12.625825881958008,3.7510147094726562,15106,-3.4865455627441406
7970,16.386999130249023,0.3580000102519989,2.6345059871673584,1.6780928373336792,901,-9.418822288513184
7934,17.844999313354492,0.7149999737739563,9.17587661743164,2.7277162075042725,2180,-5.946205139160156
7974,13.128000259399414,0.7300000190734863,8.865486145019531,3.343400478363037,765,-4.167730331420898
7956,19.70599937438965,0.5329999923706055,12.189681053161621,3.778351068496704,14025,-12.309863090515137
7931,13.411999702453613,0.6209999918937683,9.186749458312988,2.4269750118255615,2710,-6.141361236572266
2973,11.661999702453613,0.7549999952316284,4.838124752044678,3.3322081565856934,24,-16.708650588989258
2950,11.692999839782715,0.27799999713897705,10.000388145446777,2.2970123291015625,1523,-3.5262298583984375
2934,13.289999961853027,0.4909999966621399,10.509332656860352,2.446842670440674,1828,-3.387223243713379
2968,22.763999938964844,0.17399999499320984,12.144454956054688,8.064990043640137,20156,-7.503007888793945
7948,18.365999221801758,0.23899999260902405,9.459328651428223,5.443334579467773,22217,-6.461302757263184
7922,19.030000686645508,0.4020000100135803,9.915678977966309,5.335539817810059,22266,-9.779206275939941
7971,22.014999389648438,-0.03799999877810478,12.723115921020508,7.3120646476745605,21514,-4.538553237915039
7949,20.134000778198242,0.4180000126361847,8.794716835021973,5.315152645111084,27318,-12.52977466583252
7966,21.139999389648438,0.32100000977516174,10.301044464111328,6.270419597625732,54333,-11.375215530395508
7984,26.339000701904297,0.12800000607967377,15.591650009155273,5.455250263214111,19974,-12.552728652954102
7936,28.902999877929688,-0.6430000066757202,10.954813003540039,6.108063697814941,42563,-12.220399856567383
7976,5.447999954223633,0.8579999804496765,4.408010482788086,1.1085243225097656,284,-4.36353874206543
7942,7.961999893188477,0.6869999766349792,5.566536903381348,1.6851356029510498,533,-4.274670600891113
7945,4.665999889373779,0.9350000023841858,3.9698486328125,1.2012535333633423,33,-7.003643989562988
7987,26.52400016784668,0.6019999980926514,11.625502586364746,6.640674591064453,19728,-13.363295555114746
7977,20.327999114990234,0.3970000147819519,9.769679069519043,5.9541425704956055,22972,-12.72583293914795
7928,24.80500030517578,0.375,12.811453819274902,5.877470970153809,37692,-7.415778160095215
7919,23.70800018310547,-0.028999999165534973,11.505975723266602,6.554360389709473,51028,-17.45703125
7979,15.66100025177002,0.6010000109672546,3.7140562534332275,3.907626152038574,71,-10.03320598602295
7921,21.25,-0.35100001096725464,13.410934448242188,4.986903190612793,29881,-8.014762878417969
7968,8.392000198364258,2.9509999752044678,4.248307704925537,1.1557130813598633,39,-5.823188304901123
7960,5.284999847412109,0.4359999895095825,2.765889883041382,0.6279546022415161,290,-8.030179977416992
7959,10.079999923706055,0.46700000762939453,6.976151466369629,2.1676809787750244,563,-1.9180994033813477
7933,6.919000148773193,0.46799999475479126,4.131074905395508,1.2511752843856812,506,-4.858211517333984
7941,4.960999965667725,0.4259999990463257,3.6346309185028076,1.066329002380371,130,-8.240236282348633
7969,20.138999938964844,-0.3059999942779541,14.706899642944336,3.6258792877197266,19385,0.10533809661865234
7947,14.890000343322754,0.6060000061988831,10.035630226135254,4.134276390075684,73,-2.7927207946777344
7963,24.270000457763672,-0.4099999964237213,7.775998115539551,5.30406379699707,23790,-12.568720817565918
7975,16.702999114990234,-0.052000001072883606,4.156170845031738,2.702362298965454,707,-10.480230331420898
7973,50.16299819946289,-0.5239999890327454,12.305174827575684,5.980997562408447,49003,-5.560477256774902
7954,33.57400131225586,-0.21400000154972076,11.178056716918945,6.543571949005127,35454,-14.42034912109375
7978,16.719999313354492,0.460999995470047,12.136500358581543,5.136343002319336,24,-0.895695686340332
7940,11.817000389099121,2.052999973297119,9.064594268798828,1.6568576097488403,86,-5.942447662353516
7950,6.7829999923706055,0.04399999976158142,3.371769428253174,0.8175101280212402,334,-10.11699104309082
7981,18.82699966430664,4.2870001792907715,16.878381729125977,1.8217636346817017,608,-4.165071487426758
7944,11.461000442504883,1.315000057220459,7.711763858795166,1.7233169078826904,76,-13.136497497558594
7962,19.20400047302246,-0.2280000001192093,15.04312515258789,4.151419162750244,8307,-3.8233108520507812
2836,21.490999221801758,0.28700000047683716,11.46358585357666,5.655409336090088,29385,-10.510706901550293
2864,0.5059999823570251,0.3709999918937683,0.43908438086509705,0.036393165588378906,83,-25.298336029052734
2796,1.9819999933242798,0.3440000116825104,0.4552208185195923,0.27871036529541016,77,-15.305859565734863
7953,35.13800048828125,-0.527999997138977,11.89429759979248,6.386551856994629,45620,-10.143078804016113
7924,17.388999938964844,0.527999997138977,14.32880973815918,2.723726511001587,2950,-6.814363479614258
7932,22.89299964904785,-0.12600000202655792,13.96243667602539,4.581218719482422,24159,-6.580911636352539
7958,17.309999465942383,5.072999954223633,14.802364349365234,2.950470447540283,22,1.5497322082519531
7923,6.046999931335449,-1.024999976158142,4.360642433166504,1.9436674118041992,327,-3.6250243186950684
7925,5.486000061035156,0.35899999737739563,3.139275312423706,0.7705050706863403,316,-8.323101043701172
7951,10.098999977111816,3.5250000953674316,4.090018272399902,0.8543657660484314,55,-10.714603424072266
7927,13.15999984741211,0.41600000858306885,3.1672089099884033,3.737396240234375,91,-9.103021621704102
2817,0.47600001096725464,0.3700000047683716,0.4138292372226715,0.018263520672917366,41,-21.05701446533203
2763,19.524999618530273,0.5419999957084656,5.788867950439453,6.317229747772217,143,-8.26269817352295
9683,20.304000854492188,0.3409999907016754,11.53160285949707,6.964487075805664,16393,-5.629579544067383
9655,18.974000930786133,0.3330000042915344,15.921293258666992,3.0965616703033447,1525,-2.2663917541503906
11131,6.4720001220703125,0.7540000081062317,4.983132362365723,0.7233596444129944,507,-6.666653633117676
2971,1.1050000190734863,0.49000000953674316,0.668285071849823,0.09906461834907532,414,-8.234654426574707
11076,1.7000000476837158,0.5180000066757202,0.6806676983833313,0.11637574434280396,1354,-7.217959403991699
11055,23.395000457763672,0.42800000309944153,10.108293533325195,6.085353374481201,16086,-3.2578439712524414
2957,25.288000106811523,0.3919999897480011,10.587488174438477,4.938564777374268,15550,-5.577014923095703
11083,17.26799964904785,0.3199999928474426,10.58330249786377,4.654993534088135,15398,-0.4205894470214844
11086,17.47599983215332,0.27399998903274536,9.799016952514648,4.912045001983643,15112,-11.852815628051758
11130,20.819000244140625,0.3179999887943268,10.322539329528809,5.550525665283203,26445,-0.9846973419189453
11054,21.93000030517578,0.33000001311302185,11.025300979614258,6.511219501495361,49645,-2.3134145736694336
11038,26.395000457763672,0.39899998903274536,13.501092910766602,7.2225189208984375,14872,0.3437232971191406
11101,16.392000198364258,0.3499999940395355,11.592743873596191,3.9442169666290283,1121,-1.8115644454956055
11073,15.845999717712402,1.0700000524520874,10.49651050567627,2.6212880611419678,1012,-1.4848880767822266
11059,16.888999938964844,0.574999988079071,12.601997375488281,3.316333055496216,1605,1.1627063751220703
11046,12.835000038146973,1.1319999694824219,8.862648010253906,3.334636688232422,1025,-4.043936729431152
11074,22.573999404907227,2.0269999504089355,13.469428062438965,4.734995365142822,830,0.36721229553222656
11099,14.729000091552734,2.3359999656677246,11.248431205749512,2.2986440658569336,1119,3.2469587326049805
11120,16.36400032043457,2.377000093460083,11.666404724121094,3.091137409210205,1009,0.9179811477661133
11079,9.144000053405762,1.524999976158142,7.40234375,1.42245352268219,369,-11.081724166870117
11061,32.21900177001953,-0.699999988079071,13.579493522644043,7.398120403289795,11177,-4.033055305480957
11082,5.4070000648498535,1.4539999961853027,4.516964435577393,0.732544481754303,929,-12.691213607788086
2970,11.454000473022461,2.6019999980926514,8.964409828186035,1.4763349294662476,117,-9.395049095153809
2980,11.581000328063965,2.6670000553131104,9.15711784362793,1.4572110176086426,93,-2.411496162414551
2943,21.20800018310547,0.2370000034570694,9.254591941833496,6.627225399017334,24869,-1.0697402954101562
7972,20.426000595092773,0.24300000071525574,10.066981315612793,6.320151329040527,23592,-3.26094913482666
7943,51.10499954223633,0.828000009059906,15.303055763244629,6.651638507843018,6451,-2.935593605041504
7957,21.97100067138672,0.625,11.854514122009277,5.19360876083374,15581,-4.911679267883301
7929,23.86400032043457,0.8180000185966492,12.61664867401123,6.8732757568359375,20911,-7.331936836242676
7952,20.547000885009766,0.1899999976158142,15.693641662597656,3.300950050354004,16659,1.4853696823120117
7982,20.341999053955078,0.09799999743700027,10.985124588012695,6.306307792663574,27748,-20.84978675842285
7961,20.481000900268555,-0.035999998450279236,11.914459228515625,6.257952690124512,25950,-17.511249542236328
9644,9.930999755859375,3.4749999046325684,6.403440952301025,1.6662888526916504,2894,-8.09933090209961
9674,8.517999649047852,-0.0560000017285347,6.92514705657959,1.693842887878418,571,-10.958762168884277
9615,15.553999900817871,1.9299999475479126,8.108024597167969,1.6991865634918213,874,-1.4029808044433594
9659,12.26200008392334,-0.21400000154972076,1.7665156126022339,1.2954005002975464,289,-12.212838172912598
9696,14.24899959564209,0.054999999701976776,4.934709548950195,4.062463760375977,310,-8.935484886169434
9679,21.679000854492188,0.3190000057220459,10.799273490905762,6.701370716094971,27908,-5.094427108764648
9622,7.880000114440918,-0.2669999897480011,2.1277852058410645,0.6441670656204224,256,-10.958772659301758
9677,2.4800000190734863,-0.31700000166893005,2.2999932765960693,0.52078777551651,297,-8.1588716506958
9653,11.736000061035156,0.847000002861023,5.262980937957764,3.0392777919769287,264,-5.774535655975342
9688,14.704999923706055,-0.19200000166893005,2.421783208847046,1.8009597063064575,521,-5.129775047302246
9686,19.410999298095703,0.44600000977516174,10.441839218139648,6.222908020019531,47381,-0.03803730010986328
9632,22.559999465942383,0.44999998807907104,9.330130577087402,5.938667297363281,48319,-11.308796882629395
9662,19.780000686645508,0.125,11.575098037719727,5.88095760345459,24394,-7.522819519042969
9652,17.284000396728516,0.7020000219345093,13.911626815795898,3.915825843811035,1223,-10.271158218383789
9678,3.138000011444092,0.6830000281333923,2.837430953979492,0.7250300049781799,58,-11.018828392028809
9634,5.23199987411499,0.6499999761581421,4.025854587554932,0.5467300415039062,55,-10.896627426147461
9635,21.152000427246094,-0.02500000037252903,14.174919128417969,4.317170143127441,19159,-7.681362152099609
9623,22.325000762939453,-0.019999999552965164,11.533255577087402,6.685486316680908,34195,-13.82458209991455
9695,20.464000701904297,-0.12600000202655792,13.088395118713379,5.875648021697998,27724,-12.068480491638184
9666,19.160999298095703,0.07000000029802322,11.14326286315918,6.121999740600586,21800,-14.679960250854492
9645,13.529999732971191,-0.460999995470047,5.078578472137451,3.9002883434295654,448,-7.821253299713135
9629,19.966999053955078,0.5120000243186951,17.553394317626953,1.4505895376205444,979,-6.699073791503906
9700,13.361000061035156,3.013000011444092,4.190906524658203,1.9223275184631348,171,-7.201084136962891
9702,22.236000061035156,0.10999999940395355,15.469419479370117,5.250970840454102,15161,-4.354070663452148
9633,22.64299964904785,0.03500000014901161,12.189651489257812,6.307295322418213,18463,-4.661785125732422
9630,22.204999923706055,0.2849999964237213,11.40115737915039,5.854705333709717,21285,-13.849946975708008
9657,3.2360000610351562,0.6330000162124634,1.1244971752166748,0.22014564275741577,2639,-25.176176071166992
9628,6.921000003814697,2.4670000076293945,3.367361545562744,0.5998632907867432,224,-9.5611572265625
9669,22.62700080871582,0.5120000243186951,15.011937141418457,4.506370544433594,9532,-2.669802665710449
7980,20.399999618530273,0.5239999890327454,16.489145278930664,3.072726249694824,4055,-10.591484069824219
7920,21.610000610351562,0.02500000037252903,11.752551078796387,6.370794773101807,24514,-19.06112289428711
7955,19.000999450683594,0.23800000548362732,10.59909725189209,6.103309154510498,25385,-14.234766960144043
7983,4.64900016784668,3.2990000247955322,4.546377182006836,0.2842996120452881,45,-10.295646667480469
7939,20.716999053955078,-0.17000000178813934,10.826183319091797,5.645941257476807,36327,-12.691402435302734
7986,21.625,-1.1109999418258667,12.053102493286133,5.276002883911133,26569,-9.619720458984375
7935,21.507999420166016,-0.004999999888241291,11.630474090576172,5.955259323120117,23686,-8.565385818481445
2805,19.753000259399414,-0.10400000214576721,11.170937538146973,5.383997440338135,19462,-2.9845666885375977
2770,17.834999084472656,1.2640000581741333,15.459390640258789,2.1400537490844727,2187,-3.2385387420654297
2783,13.550000190734863,0.24500000476837158,3.7584877014160156,3.1215858459472656,164,-11.824159622192383
9670,19.584999084472656,0.21299999952316284,11.023116111755371,6.056849956512451,11371,-13.524653434753418
7989,21.72599983215332,-0.003000000026077032,11.765263557434082,5.637805938720703,19826,-8.091086387634277
9616,18.797000885009766,-0.18199999630451202,11.272167205810547,5.981805324554443,17331,-3.4912805557250977
7965,18.35700035095215,-0.05999999865889549,12.9811429977417,4.991085052490234,13556,-9.866911888122559
7964,17.88800048828125,-0.08500000089406967,12.027264595031738,4.806386947631836,15761,-7.512751579284668
22028,18.889999389648438,-0.746999979019165,11.30415153503418,6.065647125244141,17207,-11.660856246948242
2823,16.71299934387207,0.41999998688697815,5.887999534606934,6.665961742401123,34,-5.2839813232421875
2839,17.902000427246094,0.009999999776482582,10.390267372131348,5.792681694030762,21124,-5.764805793762207
21993,18.336999893188477,-0.16599999368190765,11.027400016784668,6.088920593261719,18505,-7.074587821960449
21981,5.642000198364258,0.5339999794960022,3.876016616821289,0.8109679222106934,122,-7.164874076843262
9708,33.85300064086914,0.28700000047683716,13.432576179504395,9.30752944946289,15189,-11.17833423614502
22040,11.845999717712402,11.744000434875488,11.797625541687012,0.041167132556438446,8,-2.845980644226074
22005,30.898000717163086,0.7689999938011169,24.165708541870117,3.2542123794555664,8556,6.134096145629883
21985,19.17099952697754,0.4749999940395355,14.306241035461426,2.578260660171509,5802,-6.797850608825684
21914,26.91200065612793,-1.1640000343322754,4.127956867218018,8.10289192199707,1154,-19.938661575317383
21918,19.15999984741211,0.4440000057220459,16.226551055908203,2.4586122035980225,5081,-13.811895370483398
21928,19.792999267578125,0.46000000834465027,14.834367752075195,3.4531962871551514,2700,-6.196620941162109
21930,21.5049991607666,0.5759999752044678,13.684301376342773,2.457273244857788,2626,-4.399293899536133
2776,16.768999099731445,0.057999998331069946,3.785721778869629,3.617655038833618,381,-11.784423828125
2856,18.160999298095703,0.023000000044703484,12.695174217224121,3.882768392562866,15131,-2.893251419067383
2851,16.60700035095215,0.4690000116825104,1.6683671474456787,3.013042449951172,237,-12.060871124267578
2782,18.72599983215332,-0.08299999684095383,10.91485595703125,5.779785633087158,23255,-11.496232986450195
2768,51.04999923706055,0.4869999885559082,18.62970542907715,9.630114555358887,38102,-11.346895217895508
2794,23.599000930786133,0.012000000104308128,12.117630958557129,6.5481038093566895,32970,-2.1207094192504883
2862,10.428999900817871,-0.6639999747276306,1.2938549518585205,2.388277530670166,517,-10.363290786743164
2858,17.89299964904785,-0.8119999766349792,3.0987794399261475,3.3369202613830566,812,-10.840396881103516
2841,14.810999870300293,0.7770000100135803,4.645987033843994,1.2668824195861816,1349,-6.992162227630615
18371,7.085999965667725,0.41200000047683716,2.691171169281006,1.2054628133773804,35,-5.472047328948975
18353,14.095000267028809,0.41499999165534973,3.721358060836792,1.592228889465332,751,-9.944342613220215
18324,16.08099937438965,0.4560000002384186,5.8850417137146,1.9394185543060303,3014,-3.8833184242248535
18355,7.214000225067139,0.08399999886751175,0.5897747278213501,0.7643284797668457,4533,-6.428065299987793
18369,12.666999816894531,2.73799991607666,3.9235615730285645,1.0443204641342163,470,-7.1441216468811035
18379,25.909000396728516,-1.1339999437332153,10.166275024414062,6.628271579742432,33183,-15.971508026123047
18373,20.00200080871582,0.14499999582767487,8.705556869506836,5.667791366577148,40504,-13.366724014282227
21016,20.562000274658203,0.10700000077486038,11.32076644897461,6.577573776245117,26730,-10.796424865722656
20990,4.083000183105469,-0.6880000233650208,2.9838359355926514,1.1391206979751587,1317,-29.87630271911621
21033,5.126999855041504,-0.8569999933242798,1.9322831630706787,0.9813814163208008,2038,-18.305057525634766
20954,19.361000061035156,0.009999999776482582,10.817294120788574,6.182937145233154,17852,-13.718152046203613
21052,23.226999282836914,0.23800000548362732,9.278068542480469,5.309001922607422,19796,-3.2500057220458984
21038,22.597000122070312,0.35100001096725464,9.432892799377441,3.4918456077575684,3974,-2.0534658432006836
20966,19.381000518798828,0.4749999940395355,11.725152969360352,3.088463068008423,16193,-0.8686494827270508
20980,13.272000312805176,4.885000228881836,9.071966171264648,2.049840211868286,357,-0.6687917709350586
21059,19.57699966430664,0.6179999709129333,15.003220558166504,3.945038318634033,2684,-9.481324195861816
20931,19.849000930786133,0.20900000631809235,8.603036880493164,4.977962493896484,14640,-1.5357484817504883
21042,17.16200065612793,0.2930000126361847,9.581135749816895,4.628073215484619,3087,-8.316678047180176
21037,8.8149995803833,0.31700000166893005,5.1986284255981445,1.5894397497177124,2558,-8.013310432434082
21050,15.317000389099121,-0.257999986410141,5.655718803405762,2.3061025142669678,4802,-10.1045560836792
20979,17.413000106811523,0.032999999821186066,9.367140769958496,5.461821556091309,37414,-9.413477897644043
20981,22.18199920654297,0.2919999957084656,10.786946296691895,6.484134197235107,17203,-12.555615425109863
20935,23.69300079345703,0.3149999976158142,12.501203536987305,5.122966289520264,17874,-4.811027526855469
20993,14.357999801635742,0.6570000052452087,6.202991485595703,1.854079246520996,231,-2.349127769470215
21055,4.190000057220459,0.5830000042915344,1.2095059156417847,1.0216872692108154,85,-6.40153169631958
21002,19.17300033569336,0.492000013589859,12.346678733825684,4.00769567489624,3652,-4.506518363952637
20950,15.847000122070312,0.47600001096725464,13.295918464660645,2.7990922927856445,1635,-5.313647270202637
21025,15.529999732971191,0.18299999833106995,12.617656707763672,2.6994738578796387,1674,-10.894298553466797
20955,20.45800018310547,0.13600000739097595,12.250834465026855,5.162425518035889,9828,-5.36673641204834
20984,4.677000045776367,0.10599999874830246,2.6931188106536865,0.8824391961097717,211,-6.59316349029541
20958,9.300999641418457,0.24300000071525574,5.176990509033203,1.684782862663269,1701,-8.768556594848633
21006,18.77400016784668,0.5759999752044678,8.478983879089355,4.0102105140686035,2692,-5.295937538146973
21026,13.59000015258789,0.4490000009536743,9.307891845703125,3.576415538787842,2315,-4.083320617675781
20998,26.900999069213867,-0.10000000149011612,20.061708450317383,5.618541240692139,4882,-16.926103591918945
20986,6.390999794006348,0.5740000009536743,3.49037504196167,1.9115948677062988,168,-7.498023509979248
21027,20.158000946044922,0.5659999847412109,15.917876243591309,6.002381801605225,1225,-2.4791135787963867
21029,15.972999572753906,0.46799999475479126,12.57143783569336,2.612858533859253,2487,-6.900550842285156
20967,15.156999588012695,-0.07100000232458115,12.391228675842285,2.798375368118286,1604,-2.722311019897461
21023,20.656999588012695,0.546999990940094,15.60605525970459,3.5391170978546143,802,-2.73824405670166
21028,21.334999084472656,0.5699999928474426,16.989416122436523,3.465813398361206,1047,-2.0483055114746094
20983,3.127000093460083,-0.4099999964237213,1.5019574165344238,0.7938947677612305,891,-21.489723205566406
21032,6.110000133514404,-0.3619999885559082,1.9986989498138428,0.7646071910858154,1860,-19.61459732055664
21014,15.081000328063965,-0.6060000061988831,3.2273476123809814,2.939425468444824,426,-7.697129249572754
20978,15.456000328063965,1.215999960899353,13.127596855163574,1.8328737020492554,799,0.2223052978515625
20960,6.229000091552734,-0.26899999380111694,-0.20900000631809235,0.4997890889644623,167,-6.532759189605713
20982,17.875,-0.28299999237060547,6.059864044189453,3.52516508102417,5019,-19.645559310913086
21020,17.381999969482422,1.2649999856948853,15.726280212402344,2.117333173751831,741,1.6168031692504883
21058,17.409000396728516,-0.5490000247955322,13.35442066192627,4.040024757385254,6156,-7.192244529724121
20944,12.737000465393066,0.7059999704360962,9.868966102600098,2.217442512512207,4012,-5.418718338012695
21011,10.190999984741211,5.39300012588501,6.77817440032959,1.9195101261138916,23,-7.431219100952148
20947,12.942000389099121,-0.6389999985694885,1.8343923091888428,2.0972824096679688,1292,-16.060699462890625
21030,38.59700012207031,0.5099999904632568,16.594022750854492,5.420675754547119,3235,-10.473796844482422
20989,2.559000015258789,0.3970000147819519,2.1272382736206055,0.5065192580223083,407,-11.692292213439941
20992,2.7249999046325684,-0.27300000190734863,1.8889861106872559,1.1535658836364746,425,-13.489892959594727
20962,5.807000160217285,-0.26499998569488525,1.9620331525802612,0.7175301909446716,814,-12.894469261169434
21012,3.8980000019073486,1.093999981880188,3.0151429176330566,0.6753165125846863,77,-10.179798126220703
21019,4.193999767303467,-0.5600000023841858,2.0901670455932617,0.4334147572517395,359,-8.675506591796875
21054,9.467000007629395,-0.2280000001192093,2.2631571292877197,0.9205216765403748,592,-6.912875175476074
21005,9.496999740600586,-0.5879999995231628,1.5892629623413086,1.3612838983535767,403,-11.47362995147705
20972,3.486999988555908,0.07500000298023224,1.5690289735794067,0.5031934380531311,276,-12.531397819519043
21018,5.304999828338623,0.46700000762939453,0.7879398465156555,0.6905455589294434,183,-14.132488250732422
21048,19.31100082397461,0.40299999713897705,11.757219314575195,9.026703834533691,328,-2.083651542663574
20941,17.32900047302246,0.5649999976158142,13.080122947692871,4.595149040222168,952,-4.082188606262207
20933,2.8989999294281006,0.6420000195503235,2.237450122833252,0.5429185628890991,271,-15.505338668823242
20971,3.430000066757202,-0.09200000017881393,2.3751108646392822,0.8516873717308044,352,-11.712663650512695
20991,4.64300012588501,-0.22100000083446503,2.663207769393921,0.919777512550354,635,-12.590713500976562
20996,2.6500000953674316,-0.10599999874830246,1.9255906343460083,0.5921875238418579,420,-18.277761459350586
21039,21.44700050354004,0.46399998664855957,15.991920471191406,3.6773815155029297,402,-7.013360977172852
14676,3.5369999408721924,-0.6740000247955322,3.1195755004882812,0.9121641516685486,403,-11.90091609954834
14651,3.7179999351501465,-0.11500000208616257,0.9286428093910217,1.5418165922164917,70,-16.446535110473633
21009,3.0810000896453857,-0.1420000046491623,2.222529888153076,0.5654921531677246,419,-11.773948669433594
20938,4.230000019073486,-0.2709999978542328,2.195122480392456,0.5648258924484253,425,-11.6035795211792
20953,2.9860000610351562,-0.4970000088214874,1.756710171699524,0.8015007972717285,469,-15.522911071777344
20970,8.01099967956543,0.017999999225139618,1.70206618309021,0.8832727074623108,560,-21.976638793945312
14704,2.2669999599456787,-0.6349999904632568,1.8345752954483032,0.6248530149459839,431,-12.734661102294922
14698,2.375999927520752,-0.3869999945163727,1.9758189916610718,0.4361640214920044,464,-12.963932991027832
14742,22.246000289916992,0.15299999713897705,16.136507034301758,3.74987530708313,9668,3.6379032135009766
14748,12.081000328063965,0.36899998784065247,3.4810500144958496,2.600187301635742,80,-9.340555191040039
14636,3.678999900817871,0.46799999475479126,3.140615463256836,0.4629432260990143,156,-8.839351654052734
14689,15.152000427246094,0.37599998712539673,12.47455883026123,2.584591865539551,2340,-6.190712928771973
20937,17.481000900268555,-0.47099998593330383,9.659257888793945,3.217916250228882,3262,-9.864513397216797
21003,17.642000198364258,0.6060000061988831,13.435171127319336,3.8697288036346436,4086,-6.117963790893555
21035,17.847999572753906,0.5490000247955322,14.070176124572754,3.0774991512298584,3945,-5.009793281555176
14712,20.15399932861328,0.28600001335144043,13.04624080657959,4.26950740814209,16643,-0.5785045623779297
14737,10.737000465393066,0.8040000200271606,8.213289260864258,2.765294075012207,55,-4.080345153808594
14697,5.257999897003174,4.443999767303467,4.964721202850342,0.19538569450378418,165,-7.034382343292236
14674,22.155000686645508,-0.1120000034570694,13.850627899169922,5.006103992462158,26839,-0.6864109039306641
14745,21.011999130249023,-0.7900000214576721,11.093979835510254,6.425388813018799,22845,-9.403128623962402
14655,19.354999542236328,0.029999999329447746,13.15951919555664,4.407741546630859,13040,-9.184165954589844
14714,11.527000427246094,0.4429999887943268,10.067947387695312,2.5018081665039062,3082,-10.668867111206055
14756,4.480000019073486,-0.6380000114440918,3.157735824584961,0.74112868309021,473,-10.23629379272461
14659,7.183000087738037,-0.3799999952316284,1.9363079071044922,0.5940639972686768,825,-13.730440139770508
14634,21.261999130249023,0.15000000596046448,16.460494995117188,4.436602592468262,2365,-5.952949523925781
14665,13.432000160217285,0.08399999886751175,4.937093257904053,3.1502232551574707,726,-8.750545501708984
14677,16.707000732421875,-0.04699999839067459,6.222635746002197,5.054386138916016,250,-3.2960400581359863
14749,20.847999572753906,-0.06599999964237213,15.557476997375488,3.6254405975341797,12100,-7.9719953536987305
14718,3.881999969482422,0.125,1.255305290222168,1.3315919637680054,298,-13.564736366271973
21007,21.0,0.026000000536441803,14.251912117004395,5.3962082862854,14008,-6.682265281677246
20943,21.767000198364258,-0.028999999165534973,12.077807426452637,6.705911159515381,17544,-15.29996395111084
21047,21.479000091552734,-2.374000072479248,12.38945484161377,6.168283462524414,21237,-16.17001724243164
14758,20.731000900268555,-0.210999995470047,11.325672149658203,6.649934768676758,37080,-13.15877914428711
14669,21.070999145507812,14.494999885559082,18.612401962280273,1.8181583881378174,25,2.1433773040771484
14679,22.301000595092773,-0.21199999749660492,13.601116180419922,5.927502155303955,22009,-6.047021865844727
14726,19.569000244140625,0.4269999861717224,15.730710983276367,3.406985282897949,2950,-1.0891914367675781
14711,15.020000457763672,-0.11100000143051147,9.174817085266113,4.081286907196045,126,-4.876256942749023
14652,19.083999633789062,15.751999855041504,18.290767669677734,0.8879457116127014,259,3.9360427856445312
14687,18.974000930786133,15.798999786376953,18.487932205200195,0.6377350091934204,221,2.678234100341797
21036,22.719999313354492,-0.48100000619888306,11.481032371520996,5.82814359664917,14053,1.2706661224365234
20976,4.60699987411499,0.5040000081062317,0.6201831698417664,0.40608134865760803,1414,-6.773210525512695
20946,0.6110000014305115,0.5730000138282776,0.5974941253662109,0.009570326656103134,85,-4.412121295928955
14675,32.80099868774414,0.49799999594688416,20.759178161621094,6.04076623916626,8461,-18.883251190185547
14719,25.565000534057617,-0.1469999998807907,15.297511100769043,5.3880391120910645,15520,-8.232514381408691
14648,20.128999710083008,15.895999908447266,18.22026252746582,1.08501136302948,412,-0.7642860412597656
14757,22.018999099731445,-0.026000000536441803,15.001577377319336,4.8188395500183105,15519,-7.963470458984375
14696,3.499000072479248,-0.1860000044107437,1.8788210153579712,0.4877588748931885,805,-9.403926849365234
14690,22.635000228881836,-0.7749999761581421,16.32477378845215,4.117369174957275,5711,-11.082050323486328
14725,19.79400062561035,-1.1610000133514404,10.608160972595215,5.636214256286621,10363,-2.620481491088867
14658,3.736999988555908,0.14399999380111694,1.8682702779769897,0.6151421070098877,381,-13.146050453186035
14670,18.979000091552734,-0.5759999752044678,12.982256889343262,5.417341232299805,2095,-6.482542991638184
14626,7.573999881744385,-0.1459999978542328,2.3228774070739746,0.7234209179878235,440,-19.308395385742188
14646,26.638999938964844,0.17900000512599945,10.540456771850586,5.371696949005127,9265,-9.560894012451172
14703,3.507999897003174,-0.4869999885559082,2.619591236114502,1.0726003646850586,433,-12.5740966796875
14751,8.394000053405762,-0.3009999990463257,2.206650972366333,0.6279574036598206,384,-8.885807991027832
14660,14.022000312805176,3.2829999923706055,6.819876194000244,3.981569766998291,113,-4.422763347625732
14699,3.312999963760376,-0.22300000488758087,2.353468179702759,0.9441730380058289,410,-5.300832748413086
14633,11.071999549865723,-0.18799999356269836,2.777339458465576,2.02484130859375,274,-6.87324857711792
14657,13.428000450134277,1.9110000133514404,3.106628894805908,2.695671319961548,159,-7.9546284675598145
14702,21.051000595092773,-0.5419999957084656,14.317543029785156,4.570424556732178,2604,-9.075361251831055
14732,25.086000442504883,0.3409999907016754,18.015033721923828,5.007579326629639,9811,-16.70095443725586
14716,5.261000156402588,-0.35600000619888306,2.550804376602173,0.7166357040405273,138,-12.579978942871094
14656,2.1010000705718994,-0.36000001430511475,1.8786970376968384,0.43329918384552,208,-18.217037200927734
14663,4.513999938964844,0.16699999570846558,2.5195088386535645,0.45578789710998535,279,-9.83993148803711
14650,15.718000411987305,0.9269999861717224,8.438838958740234,2.4579668045043945,768,-4.961773872375488
14715,21.118999481201172,0.6159999966621399,17.186431884765625,2.808729410171509,3707,-8.321878433227539
14691,23.332000732421875,0.19499999284744263,15.640301704406738,2.8729746341705322,4305,-2.380763053894043
14706,18.167999267578125,1.409000039100647,12.234667778015137,1.5889021158218384,1362,-3.629164695739746
14678,15.61299991607666,0.8849999904632568,11.163751602172852,1.8959227800369263,273,-0.008306503295898438
14700,2.062000036239624,-0.0430000014603138,1.8953046798706055,0.3545248210430145,197,-10.566640853881836
14637,21.226999282836914,0.23199999332427979,14.636908531188965,5.738977432250977,1994,-9.43110179901123
14746,3.3929998874664307,-0.05900000035762787,2.765981674194336,0.5601054430007935,438,-10.452733993530273
14709,3.8589999675750732,0.7319999933242798,3.42905855178833,0.7773807048797607,154,-3.695220470428467
14685,2.4649999141693115,-0.5950000286102295,2.1156060695648193,0.7203773856163025,259,-17.128164291381836
14681,13.324000358581543,3.2170000076293945,4.7816877365112305,2.5652124881744385,93,-4.482775688171387
14733,21.56399917602539,1.284999966621399,18.037391662597656,2.773082971572876,1304,-6.377094268798828
14661,24.71500015258789,-0.014000000432133675,15.09183120727539,7.134875774383545,16400,-16.950942993164062
14627,93.39199829101562,-0.24199999868869781,21.74335479736328,19.077346801757812,51000,-38.468536376953125
14668,16.63800048828125,1.7569999694824219,9.345179557800293,4.662514686584473,173,-2.283383369445801
14707,14.20300006866455,7.558000087738037,10.92402172088623,1.532646656036377,272,-6.55435848236084
5968,18.635000228881836,0.1420000046491623,14.181401252746582,3.065685272216797,2801,-4.6890974044799805
20945,18.514999389648438,-0.3869999945163727,14.282100677490234,3.4866483211517334,11871,1.4838857650756836
5799,25.849000930786133,-0.45500001311302185,14.234960556030273,5.679311752319336,2575,-7.315481185913086
5929,19.062000274658203,0.6110000014305115,1.9019300937652588,3.60321307182312,186,-27.906265258789062
5869,19.062000274658203,0.6110000014305115,1.9019300937652588,3.60321307182312,186,-27.906265258789062
5950,28.547000885009766,-0.18799999356269836,11.377187728881836,8.084494590759277,12321,-17.048442840576172
20997,7.744999885559082,0.6359999775886536,3.4964852333068848,1.1351265907287598,136,-6.4484124183654785
17856,32.832000732421875,0.7089999914169312,14.170884132385254,14.804645538330078,1159,-10.295058250427246
14753,33.297000885009766,0.5680000185966492,20.294527053833008,12.662867546081543,13546,-11.654716491699219
14686,13.420999526977539,0.5580000281333923,10.886452674865723,3.68272066116333,53,-12.4291410446167
5881,3.3519999980926514,0.6840000152587891,3.029357433319092,0.7221317291259766,151,-6.6662373542785645
5855,3.3519999980926514,0.6840000152587891,3.029357433319092,0.7221317291259766,151,-6.6662373542785645
5892,23.388999938964844,0.4819999933242798,15.945891380310059,5.1769890785217285,2441,-4.673867225646973
5928,26.84600067138672,0.8360000252723694,15.494053840637207,7.341845512390137,14947,-9.839131355285645
5797,54.75899887084961,1.0870000123977661,47.27256393432617,10.653827667236328,3990,7.215091705322266
5794,35.02000045776367,-2.135999917984009,25.2240047454834,5.332696437835693,5426,-10.878843307495117
5867,35.02000045776367,-2.135999917984009,25.2240047454834,5.332696437835693,5426,-10.878843307495117
17897,20.490999221801758,-0.6290000081062317,10.3910551071167,6.341945171356201,21060,-6.737750053405762
17943,17.4950008392334,-0.6240000128746033,9.560415267944336,4.440727233886719,7391,-2.685610771179199
17915,20.15399932861328,-0.19499999284744263,11.67650318145752,5.386064529418945,21517,-3.7339048385620117
5843,19.242000579833984,0.4480000138282776,14.050972938537598,5.309682369232178,3369,-2.852461814880371
17893,26.39699935913086,4.145999908447266,16.271516799926758,5.248361110687256,716,-24.98858070373535
17879,17.097999572753906,13.604999542236328,14.919452667236328,0.8918063640594482,115,0.4916238784790039
17935,36.513999938964844,0.16500000655651093,10.793482780456543,6.041539669036865,37980,-12.549416542053223
17920,19.770999908447266,0.33399999141693115,14.124300956726074,3.7278597354888916,22606,-1.6817150115966797
17883,24.398000717163086,-1.2369999885559082,10.913640022277832,6.9293951988220215,35707,-9.900895118713379
17890,21.099000930786133,-0.24500000476837158,13.47445011138916,5.865610122680664,12007,-3.4764280319213867
17854,14.437999725341797,0.7080000042915344,6.140212535858154,2.6693315505981445,1156,-7.208522319793701
17908,14.437999725341797,0.7080000042915344,6.140212535858154,2.6693315505981445,1156,-7.208522319793701
17946,17.854999542236328,0.10400000214576721,9.68839168548584,5.776191711425781,17214,-12.546673774719238
14694,3.553999900817871,0.07500000298023224,2.823796033859253,0.6305098533630371,103,-12.445047378540039
17865,10.769000053405762,-0.4099999964237213,3.01863169670105,1.7852706909179688,831,-18.980941772460938
17903,36.138999938964844,0.18700000643730164,14.720861434936523,8.879127502441406,35575,-23.53386878967285
14701,59.14799880981445,0.5849999785423279,36.04574966430664,12.486559867858887,15242,-19.133529663085938
14735,18.391000747680664,7.176000118255615,16.75474739074707,0.6284528970718384,1740,-24.88570213317871
17922,39.78300094604492,0.3720000088214874,14.87691593170166,10.000913619995117,5729,-20.643325805664062
17944,22.124000549316406,-0.11100000143051147,11.873735427856445,6.0866007804870605,10499,-3.493152618408203
17861,19.26300048828125,0.5770000219345093,15.64338493347168,3.9532949924468994,557,-4.490974426269531
17887,19.26300048828125,0.5770000219345093,15.64338493347168,3.9532949924468994,557,-4.490974426269531
14664,8.800000190734863,0.6069999933242798,7.293149948120117,1.1803131103515625,801,-7.987833023071289
14730,22.013999938964844,0.4269999861717224,18.530630111694336,4.404386520385742,2860,-13.19727897644043
14671,11.704999923706055,0.5879999995231628,9.489611625671387,2.6832683086395264,1340,-5.089184761047363
14729,16.724000930786133,0.3959999978542328,12.142952919006348,2.7463321685791016,2767,-10.45468807220459
14673,13.633999824523926,0.37299999594688416,11.552268028259277,2.865448474884033,984,-6.491991996765137
14692,5.276000022888184,0.4390000104904175,2.9488685131073,1.379739761352539,99,-15.806777000427246
14724,58.29399871826172,-0.796999990940094,20.124435424804688,16.323991775512695,45636,-9.848369598388672
7930,-1.3960000276565552,-1.5509999990463257,-1.4712692499160767,0.038595762103796005,78,-9.23920726776123
2813,20.642000198364258,-0.3799999952316284,11.507834434509277,6.349640846252441,34596,-5.965052604675293
2821,13.366999626159668,0.7739999890327454,8.745400428771973,5.868834972381592,45,-5.413020133972168
2812,8.788000106811523,0.2199999988079071,4.0240397453308105,1.3316267728805542,428,-6.156496524810791
2777,19.291000366210938,-0.23600000143051147,12.449522018432617,4.639685153961182,19396,-4.649932861328125
2807,18.34600067138672,0.453000009059906,12.699530601501465,3.72660756111145,1605,-5.5806779861450195
2769,20.514999389648438,-0.5189999938011169,11.674070358276367,6.2175211906433105,23460,-4.737770080566406
2833,19.641000747680664,0.32499998807907104,12.632256507873535,5.311321258544922,12015,-5.120734214782715
2798,21.768999099731445,5.763000011444092,9.069302558898926,5.494412422180176,33,-9.325947761535645
2822,22.481000900268555,-0.18299999833106995,15.740519523620605,6.078536033630371,5427,-6.416460990905762
2762,17.343000411987305,0.33000001311302185,11.744194030761719,4.011226177215576,7479,-5.251062393188477
2767,25.06100082397461,0.28700000047683716,11.803862571716309,6.095117568969727,42258,-6.071112632751465
2827,0.5,0.335999995470047,0.41425374150276184,0.040694840252399445,67,-18.827306747436523
2830,11.029000282287598,0.8539999723434448,9.030750274658203,3.1571781635284424,28,-5.064112663269043
2865,21.513999938964844,0.16699999570846558,14.433743476867676,4.082736968994141,11508,-6.4887590408325195
2761,18.927000045776367,0.2029999941587448,13.839834213256836,3.621202230453491,7005,-2.8257503509521484
2792,21.53700065612793,-0.23000000417232513,11.318751335144043,5.839005470275879,50801,-7.834477424621582
2785,13.543000221252441,0.5370000004768372,9.941047668457031,5.3157854080200195,21,-11.521171569824219
2846,10.864999771118164,-0.796999990940094,2.1516313552856445,1.9366098642349243,415,-19.99469757080078
2774,9.5649995803833,-0.7059999704360962,2.5247132778167725,1.6140263080596924,349,-18.79543685913086
2746,19.308000564575195,-0.08799999952316284,10.672234535217285,5.646456718444824,22628,-9.666842460632324
2850,18.31599998474121,-0.10599999874830246,14.360841751098633,3.354290008544922,11528,-3.3037261962890625
2775,7.751999855041504,5.380000114440918,5.900954246520996,0.6895114779472351,65,-10.855860710144043
2764,33.8849983215332,0.46399998664855957,18.83487319946289,7.121282577514648,14123,-18.381771087646484
2790,17.91200065612793,-0.34599998593330383,5.874764919281006,5.782479286193848,315,-14.142984390258789
2793,14.22700023651123,-0.10400000214576721,3.325669288635254,2.871013879776001,390,-15.411805152893066
2742,10.086000442504883,0.4819999933242798,2.3853650093078613,1.1680102348327637,337,-8.764364242553711
2870,1.9730000495910645,-0.3400000035762787,1.812087059020996,0.3554488718509674,69,-9.52959156036377
2795,2.059000015258789,-0.1589999943971634,1.8823684453964233,0.48210135102272034,19,-9.185206413269043
2803,13.223999977111816,-0.4399999976158142,3.2758750915527344,3.5390028953552246,192,-12.188008308410645
2751,2.010999917984009,1.8630000352859497,1.9169394969940186,0.030592061579227448,33,-9.663010597229004
2820,14.590999603271484,-0.20600000023841858,4.425867557525635,4.032042503356934,333,-10.896589279174805
2853,14.298999786376953,-0.6150000095367432,3.06815767288208,3.199932098388672,279,-9.676050186157227
2779,18.003999710083008,-0.5950000286102295,3.7998716831207275,3.8765101432800293,319,-9.012941360473633
2745,13.819000244140625,-0.25200000405311584,5.020724773406982,4.7351250648498535,29,-11.655960083007812
2757,16.78499984741211,-0.12399999797344208,2.8137729167938232,2.5683419704437256,383,-18.386547088623047
2772,14.663000106811523,-0.31200000643730164,3.015760898590088,3.045119285583496,448,-10.213726043701172
2789,11.51200008392334,-0.0010000000474974513,3.9949564933776855,3.063983678817749,275,-9.382057189941406
2847,11.17199993133545,0.029999999329447746,4.066708564758301,3.0845351219177246,199,-5.041382789611816
2749,14.119000434875488,-0.3400000035762787,2.885498046875,2.699725866317749,245,-11.83515453338623
2743,21.290000915527344,-0.16500000655651093,17.324621200561523,3.876182794570923,2731,-3.1747798919677734
2814,17.926000595092773,-0.04800000041723251,7.1505446434021,5.560390949249268,569,-5.579015254974365
2852,16.67300033569336,-0.11400000005960464,2.855848550796509,2.0150580406188965,376,-4.933994293212891
2835,22.60300064086914,0.17900000512599945,18.006166458129883,4.363678455352783,2260,-15.240262985229492
2788,22.642000198364258,0.11699999868869781,15.270720481872559,2.818333625793457,3750,-8.83290958404541
2831,27.299999237060547,1.0230000019073486,17.546875,7.505405426025391,11514,1.3304367065429688
2854,20.687999725341797,0.14100000262260437,15.068742752075195,3.9943442344665527,6437,-5.281841278076172
2773,22.23900032043457,1.3669999837875366,13.118557929992676,2.2050256729125977,1410,-2.0879364013671875
2806,19.849000930786133,0.7360000014305115,18.54619598388672,2.3527400493621826,357,3.4435548782348633
2848,10.793000221252441,0.375,6.658999919891357,4.320906639099121,18,-5.788328647613525
2756,12.170999526977539,2.8970000743865967,7.403501033782959,3.720322847366333,18,-5.0549702644348145
2828,22.299999237060547,0.34200000762939453,16.656591415405273,4.015436172485352,14333,-1.1530208587646484
2845,11.920999526977539,1.7430000305175781,10.195499420166016,3.7646431922912598,18,-6.822492599487305
2824,18.922000885009766,0.8009999990463257,9.915510177612305,5.232025623321533,47,-4.065485000610352
2797,24.38599967956543,0.48100000619888306,16.576509475708008,3.5033953189849854,18454,-5.478086471557617
2791,20.756999969482422,16.611000061035156,19.700035095214844,0.5250632762908936,457,-22.50383758544922
2849,16.868000030517578,1.319000005722046,8.57105541229248,5.652420520782471,145,-7.585614204406738
2800,15.506999969482422,-0.26899999380111694,3.3894095420837402,3.094743251800537,254,-12.19900894165039
2867,11.088000297546387,-0.23000000417232513,1.9286792278289795,0.908639132976532,343,-12.278204917907715
2815,16.761999130249023,-0.3230000138282776,2.623915910720825,2.8516921997070312,214,-9.646955490112305
2832,27.198999404907227,0.1420000046491623,16.58481788635254,4.073669910430908,26214,-1.1504764556884766
2758,23.628999710083008,0.09000000357627869,16.51443099975586,3.9393649101257324,7048,-5.984716415405273
2826,20.93600082397461,1.3899999856948853,14.57770824432373,3.819361925125122,435,2.553349494934082
2804,18.417999267578125,15.031999588012695,16.962207794189453,0.34104788303375244,650,-10.42808723449707
21951,16.871000289916992,-0.024000000208616257,13.368497848510742,3.434302806854248,4327,-4.3555908203125
2766,19.59000015258789,-0.09099999815225601,10.931170463562012,5.962164878845215,23031,-10.511452674865723
22030,24.235000610351562,0.00800000037997961,11.560172080993652,4.540211200714111,11553,-3.6075639724731445
21923,16.298999786376953,13.904999732971191,15.233000755310059,0.6926249265670776,23,0.8712215423583984
21957,19.724000930786133,-0.014999999664723873,10.817218780517578,5.798765659332275,23960,-7.116207122802734
21937,18.319000244140625,3.371999979019165,8.476799964904785,6.63275146484375,30,-4.76817512512207
21942,25.055999755859375,-0.25200000405311584,10.338672637939453,6.87437105178833,73654,-7.213071823120117
22012,16.07200050354004,0.6499999761581421,3.4238243103027344,4.360145568847656,381,-8.17282772064209
22020,11.368000030517578,0.628000020980835,6.639176845550537,2.469025135040283,554,-10.006692886352539
2838,20.586999893188477,1.1740000247955322,13.605822563171387,4.60417366027832,3637,-8.63472843170166
2838,,,,,0,
21943,23.04800033569336,0.609000027179718,18.92490005493164,2.493680477142334,1768,-8.58199691772461
21947,4.821000099182129,0.9750000238418579,4.14657735824585,0.6493118405342102,201,-10.315929412841797
21955,22.180999755859375,-1.5360000133514404,15.56403923034668,5.0537638664245605,6498,-20.57221794128418
21927,21.628000259399414,0.6449999809265137,17.72586441040039,2.5286409854888916,1767,1.4788227081298828
21982,22.21500015258789,0.5759999752044678,14.018301963806152,4.124268531799316,7185,-5.913342475891113
21915,20.184999465942383,0.8069999814033508,14.07220458984375,3.4567084312438965,1793,-3.932476043701172
21978,22.656999588012695,0.49399998784065247,12.9868803024292,3.847607135772705,2340,-12.784029960632324
21962,25.77400016784668,0.5789999961853027,17.06279182434082,6.170965671539307,1126,-10.40882682800293
21977,44.02000045776367,26.136999130249023,37.67639923095703,3.3313612937927246,105,15.319435119628906
